IP地址,端口,TLS,数据中心,国家,地区,城市,ASN,ORG,延迟(ms),速度(MB/s)
149.104.35.82,9443,TRUE,HKG,HK,Asia Pacific,Hong Kong,40065,CNSERVERS,586,12.74
149.104.35.77,9443,TRUE,HKG,HK,Asia Pacific,Hong Kong,40065,CNSERVERS,587,12.69
149.104.35.90,9443,TRUE,HKG,HK,Asia Pacific,Hong Kong,40065,CNSERVERS,496,12.67
154.197.92.78,9443,TRUE,HKG,HK,Asia Pacific,Hong Kong,40065,CNSERVERS,532,12.53
154.197.92.93,9443,TRUE,HKG,HK,Asia Pacific,Hong Kong,40065,CNSERVERS,452,12.49
149.104.35.91,9443,TRUE,HKG,HK,Asia Pacific,Hong Kong,40065,CNSERVERS,578,12.46
154.197.92.55,9443,TRUE,HKG,HK,Asia Pacific,Hong Kong,40065,CNSERVERS,341,12.12
149.104.35.215,9443,TRUE,HKG,HK,Asia Pacific,Hong Kong,40065,CNSERVERS,379,11.89
154.197.92.108,9443,TRUE,HKG,HK,Asia Pacific,Hong Kong,40065,CNSERVERS,357,11.54
154.197.92.118,9443,TRUE,HKG,HK,Asia Pacific,Hong Kong,40065,CNSERVERS,766,11.50
154.197.92.94,9443,TRUE,HKG,HK,Asia Pacific,Hong Kong,40065,CNSERVERS,511,11.48
149.104.35.40,9443,TRUE,HKG,HK,Asia Pacific,Hong Kong,40065,CNSERVERS,294,11.47
154.197.92.39,9443,TRUE,HKG,HK,Asia Pacific,Hong Kong,40065,CNSERVERS,408,11.25
154.197.92.98,9443,TRUE,HKG,HK,Asia Pacific,Hong Kong,40065,CNSERVERS,370,11.22
154.197.92.122,9443,TRUE,HKG,HK,Asia Pacific,Hong Kong,40065,CNSERVERS,369,11.07
154.197.92.242,9443,TRUE,HKG,HK,Asia Pacific,Hong Kong,40065,CNSERVERS,534,11.05
149.104.35.92,9443,TRUE,HKG,HK,Asia Pacific,Hong Kong,40065,CNSERVERS,367,10.98
154.197.92.54,9443,TRUE,HKG,HK,Asia Pacific,Hong Kong,40065,CNSERVERS,313,10.97
154.197.92.105,9443,TRUE,HKG,HK,Asia Pacific,Hong Kong,40065,CNSERVERS,409,10.67
154.197.92.252,9443,TRUE,HKG,HK,Asia Pacific,Hong Kong,40065,CNSERVERS,537,10.64
154.197.92.74,9443,TRUE,HKG,HK,Asia Pacific,Hong Kong,40065,CNSERVERS,581,10.61
149.104.35.225,9443,TRUE,HKG,HK,Asia Pacific,Hong Kong,40065,CNSERVERS,381,10.11
154.197.92.104,9443,TRUE,HKG,HK,Asia Pacific,Hong Kong,40065,CNSERVERS,404,9.78
154.197.92.238,9443,TRUE,HKG,HK,Asia Pacific,Hong Kong,40065,CNSERVERS,541,9.75
149.104.35.89,9443,TRUE,HKG,HK,Asia Pacific,Hong Kong,40065,CNSERVERS,583,9.75
154.197.92.240,9443,TRUE,HKG,HK,Asia Pacific,Hong Kong,40065,CNSERVERS,537,9.74
154.197.92.251,9443,TRUE,HKG,HK,Asia Pacific,Hong Kong,40065,CNSERVERS,519,9.54
149.104.35.194,9443,TRUE,HKG,HK,Asia Pacific,Hong Kong,40065,CNSERVERS,375,9.52
149.104.35.203,9443,TRUE,HKG,HK,Asia Pacific,Hong Kong,40065,CNSERVERS,335,9.48
154.197.92.244,9443,TRUE,HKG,HK,Asia Pacific,Hong Kong,40065,CNSERVERS,723,9.35
149.104.34.250,9443,TRUE,HKG,HK,Asia Pacific,Hong Kong,40065,CNSERVERS,336,9.29
154.197.92.73,9443,TRUE,HKG,HK,Asia Pacific,Hong Kong,40065,CNSERVERS,534,9.26
149.104.34.26,9443,TRUE,HKG,HK,Asia Pacific,Hong Kong,40065,CNSERVERS,312,9.19
154.197.92.86,9443,TRUE,HKG,HK,Asia Pacific,Hong Kong,40065,CNSERVERS,425,9.01
154.197.92.83,9443,TRUE,HKG,HK,Asia Pacific,Hong Kong,40065,CNSERVERS,510,8.94
154.197.92.70,9443,TRUE,HKG,HK,Asia Pacific,Hong Kong,40065,CNSERVERS,527,8.84
149.104.34.86,25565,TRUE,HKG,HK,Asia Pacific,Hong Kong,40065,CNSERVERS,381,8.71
149.104.35.224,9443,TRUE,HKG,HK,Asia Pacific,Hong Kong,40065,CNSERVERS,317,8.68
154.197.92.247,9443,TRUE,HKG,HK,Asia Pacific,Hong Kong,40065,CNSERVERS,541,8.67
5.253.16.11,16381,TRUE,HKG,HK,Asia Pacific,Hong Kong,40065,CNSERVERS,297,8.61
149.104.35.115,9443,TRUE,HKG,HK,Asia Pacific,Hong Kong,40065,CNSERVERS,427,8.57
149.104.35.110,9443,TRUE,HKG,HK,Asia Pacific,Hong Kong,40065,CNSERVERS,419,8.40
154.197.92.77,9443,TRUE,HKG,HK,Asia Pacific,Hong Kong,40065,CNSERVERS,952,8.38
149.104.35.75,9443,TRUE,HKG,HK,Asia Pacific,Hong Kong,40065,CNSERVERS,580,8.35
154.197.92.71,9443,TRUE,HKG,HK,Asia Pacific,Hong Kong,40065,CNSERVERS,529,8.24
154.197.92.67,9443,TRUE,HKG,HK,Asia Pacific,Hong Kong,40065,CNSERVERS,941,8.11
149.104.35.112,9443,TRUE,HKG,HK,Asia Pacific,Hong Kong,40065,CNSERVERS,428,8.10
154.197.92.90,9443,TRUE,HKG,HK,Asia Pacific,Hong Kong,40065,CNSERVERS,524,8.09
149.104.35.83,9443,TRUE,HKG,HK,Asia Pacific,Hong Kong,40065,CNSERVERS,545,8.03
149.104.34.84,25565,TRUE,HKG,HK,Asia Pacific,Hong Kong,40065,CNSERVERS,388,8.00
154.197.92.41,9443,TRUE,HKG,HK,Asia Pacific,Hong Kong,40065,CNSERVERS,368,8.00
149.104.35.236,9443,TRUE,HKG,HK,Asia Pacific,Hong Kong,40065,CNSERVERS,347,7.97
149.104.35.62,9443,TRUE,HKG,HK,Asia Pacific,Hong Kong,40065,CNSERVERS,382,7.84
154.197.92.50,9443,TRUE,HKG,HK,Asia Pacific,Hong Kong,40065,CNSERVERS,911,7.84
154.197.92.117,9443,TRUE,HKG,HK,Asia Pacific,Hong Kong,40065,CNSERVERS,772,7.78
154.197.92.75,9443,TRUE,HKG,HK,Asia Pacific,Hong Kong,40065,CNSERVERS,454,7.66
154.197.92.38,9443,TRUE,HKG,HK,Asia Pacific,Hong Kong,40065,CNSERVERS,286,7.63
154.197.92.253,9443,TRUE,HKG,HK,Asia Pacific,Hong Kong,40065,CNSERVERS,578,7.60
149.104.35.84,9443,TRUE,HKG,HK,Asia Pacific,Hong Kong,40065,CNSERVERS,397,7.56
154.197.92.99,9443,TRUE,HKG,HK,Asia Pacific,Hong Kong,40065,CNSERVERS,297,7.52
149.104.35.96,9443,TRUE,HKG,HK,Asia Pacific,Hong Kong,40065,CNSERVERS,491,7.52
154.197.92.111,9443,TRUE,HKG,HK,Asia Pacific,Hong Kong,40065,CNSERVERS,670,7.48
154.197.92.59,9443,TRUE,HKG,HK,Asia Pacific,Hong Kong,40065,CNSERVERS,490,7.47
149.104.34.253,9443,TRUE,HKG,HK,Asia Pacific,Hong Kong,40065,CNSERVERS,341,7.44
149.104.35.207,9443,TRUE,HKG,HK,Asia Pacific,Hong Kong,40065,CNSERVERS,462,7.42
149.104.35.103,9443,TRUE,HKG,HK,Asia Pacific,Hong Kong,40065,CNSERVERS,354,7.42
154.197.92.79,9443,TRUE,HKG,HK,Asia Pacific,Hong Kong,40065,CNSERVERS,951,7.39
5.253.16.11,10006,TRUE,HKG,HK,Asia Pacific,Hong Kong,40065,CNSERVERS,373,7.38
154.197.92.49,9443,TRUE,HKG,HK,Asia Pacific,Hong Kong,40065,CNSERVERS,415,7.35
149.104.35.61,9443,TRUE,HKG,HK,Asia Pacific,Hong Kong,40065,CNSERVERS,429,7.34
103.235.18.200,24008,TRUE,HKG,HK,Asia Pacific,Hong Kong,40065,CNSERVERS,386,7.27
149.104.34.251,9443,TRUE,HKG,HK,Asia Pacific,Hong Kong,40065,CNSERVERS,363,7.24
154.197.92.66,9443,TRUE,HKG,HK,Asia Pacific,Hong Kong,40065,CNSERVERS,537,7.08
149.104.35.246,9443,TRUE,HKG,HK,Asia Pacific,Hong Kong,40065,CNSERVERS,341,7.06
149.104.35.216,9443,TRUE,HKG,HK,Asia Pacific,Hong Kong,40065,CNSERVERS,323,7.06
154.197.92.106,9443,TRUE,HKG,HK,Asia Pacific,Hong Kong,40065,CNSERVERS,360,7.06
149.104.35.254,9443,TRUE,HKG,HK,Asia Pacific,Hong Kong,40065,CNSERVERS,428,7.03
149.104.35.87,9443,TRUE,HKG,HK,Asia Pacific,Hong Kong,40065,CNSERVERS,465,7.01
149.104.35.102,9443,TRUE,HKG,HK,Asia Pacific,Hong Kong,40065,CNSERVERS,382,6.97
149.104.35.99,9443,TRUE,HKG,HK,Asia Pacific,Hong Kong,40065,CNSERVERS,881,6.95
154.197.92.235,9443,TRUE,HKG,HK,Asia Pacific,Hong Kong,40065,CNSERVERS,548,6.89
149.104.35.218,9443,TRUE,HKG,HK,Asia Pacific,Hong Kong,40065,CNSERVERS,348,6.87
149.104.35.243,9443,TRUE,HKG,HK,Asia Pacific,Hong Kong,40065,CNSERVERS,383,6.80
149.104.35.39,9443,TRUE,HKG,HK,Asia Pacific,Hong Kong,40065,CNSERVERS,435,6.76
154.197.92.113,9443,TRUE,HKG,HK,Asia Pacific,Hong Kong,40065,CNSERVERS,777,6.76
149.104.35.3,9443,TRUE,HKG,HK,Asia Pacific,Hong Kong,40065,CNSERVERS,406,6.74
154.197.92.249,9443,TRUE,HKG,HK,Asia Pacific,Hong Kong,40065,CNSERVERS,480,6.69
149.104.35.69,9443,TRUE,HKG,HK,Asia Pacific,Hong Kong,40065,CNSERVERS,468,6.56
149.104.35.204,9443,TRUE,HKG,HK,Asia Pacific,Hong Kong,40065,CNSERVERS,346,6.55
149.104.35.230,9443,TRUE,HKG,HK,Asia Pacific,Hong Kong,40065,CNSERVERS,316,6.53
149.104.34.86,9443,TRUE,HKG,HK,Asia Pacific,Hong Kong,40065,CNSERVERS,357,6.52
149.104.35.234,9443,TRUE,HKG,HK,Asia Pacific,Hong Kong,40065,CNSERVERS,356,6.51
149.104.35.52,9443,TRUE,HKG,HK,Asia Pacific,Hong Kong,40065,CNSERVERS,479,6.50
103.235.18.200,10060,TRUE,HKG,HK,Asia Pacific,Hong Kong,40065,CNSERVERS,287,6.44
149.104.35.36,9443,TRUE,HKG,HK,Asia Pacific,Hong Kong,40065,CNSERVERS,331,6.43
154.197.92.125,9443,TRUE,HKG,HK,Asia Pacific,Hong Kong,40065,CNSERVERS,782,6.39
154.197.92.48,9443,TRUE,HKG,HK,Asia Pacific,Hong Kong,40065,CNSERVERS,356,6.39
154.197.92.43,9443,TRUE,HKG,HK,Asia Pacific,Hong Kong,40065,CNSERVERS,513,6.39
154.197.92.102,9443,TRUE,HKG,HK,Asia Pacific,Hong Kong,40065,CNSERVERS,735,6.36
103.20.223.162,25038,TRUE,HKG,HK,Asia Pacific,Hong Kong,40065,CNSERVERS,386,6.36
154.197.92.69,9443,TRUE,HKG,HK,Asia Pacific,Hong Kong,40065,CNSERVERS,451,6.35
149.104.35.85,9443,TRUE,HKG,HK,Asia Pacific,Hong Kong,40065,CNSERVERS,408,6.35
149.104.35.232,9443,TRUE,HKG,HK,Asia Pacific,Hong Kong,40065,CNSERVERS,363,6.32
149.104.35.38,9443,TRUE,HKG,HK,Asia Pacific,Hong Kong,40065,CNSERVERS,313,6.32
154.197.92.62,9443,TRUE,HKG,HK,Asia Pacific,Hong Kong,40065,CNSERVERS,366,6.31
149.104.35.117,9443,TRUE,HKG,HK,Asia Pacific,Hong Kong,40065,CNSERVERS,426,6.30
149.104.34.82,25565,TRUE,HKG,HK,Asia Pacific,Hong Kong,40065,CNSERVERS,403,6.29
154.197.92.88,9443,TRUE,HKG,HK,Asia Pacific,Hong Kong,40065,CNSERVERS,864,6.28
149.104.35.106,9443,TRUE,HKG,HK,Asia Pacific,Hong Kong,40065,CNSERVERS,487,6.25
149.104.35.245,9443,TRUE,HKG,HK,Asia Pacific,Hong Kong,40065,CNSERVERS,316,6.18
149.104.35.210,9443,TRUE,HKG,HK,Asia Pacific,Hong Kong,40065,CNSERVERS,789,6.14
154.197.92.37,9443,TRUE,HKG,HK,Asia Pacific,Hong Kong,40065,CNSERVERS,355,6.13
149.104.35.56,9443,TRUE,HKG,HK,Asia Pacific,Hong Kong,40065,CNSERVERS,386,6.12
154.197.92.36,9443,TRUE,HKG,HK,Asia Pacific,Hong Kong,40065,CNSERVERS,423,6.10
149.104.34.252,9443,TRUE,HKG,HK,Asia Pacific,Hong Kong,40065,CNSERVERS,356,6.07
154.197.92.34,9443,TRUE,HKG,HK,Asia Pacific,Hong Kong,40065,CNSERVERS,343,6.07
149.104.35.221,9443,TRUE,HKG,HK,Asia Pacific,Hong Kong,40065,CNSERVERS,338,6.05
154.197.92.58,9443,TRUE,HKG,HK,Asia Pacific,Hong Kong,40065,CNSERVERS,355,6.05
154.197.92.116,9443,TRUE,HKG,HK,Asia Pacific,Hong Kong,40065,CNSERVERS,315,6.04
5.253.16.11,10004,TRUE,HKG,HK,Asia Pacific,Hong Kong,40065,CNSERVERS,303,5.99
149.104.34.29,9443,TRUE,HKG,HK,Asia Pacific,Hong Kong,40065,CNSERVERS,341,5.97
149.104.35.42,9443,TRUE,HKG,HK,Asia Pacific,Hong Kong,40065,CNSERVERS,344,5.97
149.104.34.85,9443,TRUE,HKG,HK,Asia Pacific,Hong Kong,40065,CNSERVERS,468,5.96
149.104.35.247,9443,TRUE,HKG,HK,Asia Pacific,Hong Kong,40065,CNSERVERS,314,5.88
154.197.92.109,9443,TRUE,HKG,HK,Asia Pacific,Hong Kong,40065,CNSERVERS,348,5.87
154.197.92.126,9443,TRUE,HKG,HK,Asia Pacific,Hong Kong,40065,CNSERVERS,641,5.85
149.104.35.121,9443,TRUE,HKG,HK,Asia Pacific,Hong Kong,40065,CNSERVERS,909,5.84
149.104.34.83,9443,TRUE,HKG,HK,Asia Pacific,Hong Kong,40065,CNSERVERS,444,5.83
154.197.92.250,9443,TRUE,HKG,HK,Asia Pacific,Hong Kong,40065,CNSERVERS,556,5.82
149.104.35.55,9443,TRUE,HKG,HK,Asia Pacific,Hong Kong,40065,CNSERVERS,405,5.72
103.235.18.200,22273,TRUE,HKG,HK,Asia Pacific,Hong Kong,40065,CNSERVERS,364,5.70
154.197.92.121,9443,TRUE,HKG,HK,Asia Pacific,Hong Kong,40065,CNSERVERS,351,5.67
149.104.35.241,9443,TRUE,HKG,HK,Asia Pacific,Hong Kong,40065,CNSERVERS,339,5.61
149.104.35.71,9443,TRUE,HKG,HK,Asia Pacific,Hong Kong,40065,CNSERVERS,507,5.61
149.104.35.4,9443,TRUE,HKG,HK,Asia Pacific,Hong Kong,40065,CNSERVERS,467,5.58
149.104.35.60,9443,TRUE,HKG,HK,Asia Pacific,Hong Kong,40065,CNSERVERS,491,5.57
149.104.35.98,9443,TRUE,HKG,HK,Asia Pacific,Hong Kong,40065,CNSERVERS,383,5.53
149.104.35.227,9443,TRUE,HKG,HK,Asia Pacific,Hong Kong,40065,CNSERVERS,364,5.53
149.104.35.44,9443,TRUE,HKG,HK,Asia Pacific,Hong Kong,40065,CNSERVERS,282,5.52
154.197.92.68,9443,TRUE,HKG,HK,Asia Pacific,Hong Kong,40065,CNSERVERS,433,5.52
149.104.33.158,9443,TRUE,LAX,US,North America,Los Angeles,40065,CNSERVERS,768,5.50
149.104.34.27,9443,TRUE,HKG,HK,Asia Pacific,Hong Kong,40065,CNSERVERS,339,5.49
154.197.92.80,9443,TRUE,HKG,HK,Asia Pacific,Hong Kong,40065,CNSERVERS,923,5.48
149.104.35.228,9443,TRUE,HKG,HK,Asia Pacific,Hong Kong,40065,CNSERVERS,325,5.41
154.197.92.56,9443,TRUE,HKG,HK,Asia Pacific,Hong Kong,40065,CNSERVERS,950,5.38
149.104.35.212,9443,TRUE,HKG,HK,Asia Pacific,Hong Kong,40065,CNSERVERS,325,5.38
103.235.18.206,10008,TRUE,HKG,HK,Asia Pacific,Hong Kong,40065,CNSERVERS,387,5.33
154.197.92.254,9443,TRUE,HKG,HK,Asia Pacific,Hong Kong,40065,CNSERVERS,531,5.29
103.20.222.179,37803,TRUE,HKG,HK,Asia Pacific,Hong Kong,40065,CNSERVERS,307,5.27
156.251.176.122,17145,TRUE,HKG,HK,Asia Pacific,Hong Kong,40065,CNSERVERS,357,5.26
149.104.35.209,9443,TRUE,HKG,HK,Asia Pacific,Hong Kong,40065,CNSERVERS,354,5.24
149.104.34.254,9443,TRUE,HKG,HK,Asia Pacific,Hong Kong,40065,CNSERVERS,312,5.24
149.104.35.97,9443,TRUE,HKG,HK,Asia Pacific,Hong Kong,40065,CNSERVERS,488,5.23
154.197.92.123,9443,TRUE,HKG,HK,Asia Pacific,Hong Kong,40065,CNSERVERS,394,5.20
149.104.35.223,9443,TRUE,HKG,HK,Asia Pacific,Hong Kong,40065,CNSERVERS,768,5.19
149.104.35.94,9443,TRUE,HKG,HK,Asia Pacific,Hong Kong,40065,CNSERVERS,365,5.18
149.104.35.250,9443,TRUE,HKG,HK,Asia Pacific,Hong Kong,40065,CNSERVERS,464,5.16
149.104.35.70,9443,TRUE,HKG,HK,Asia Pacific,Hong Kong,40065,CNSERVERS,428,5.14
103.235.18.200,40088,TRUE,HKG,HK,Asia Pacific,Hong Kong,40065,CNSERVERS,338,5.12
149.104.35.59,9443,TRUE,HKG,HK,Asia Pacific,Hong Kong,40065,CNSERVERS,405,5.07
43.229.154.122,55696,TRUE,HKG,HK,Asia Pacific,Hong Kong,40065,CNSERVERS,325,5.00
149.104.35.58,9443,TRUE,HKG,HK,Asia Pacific,Hong Kong,40065,CNSERVERS,869,5.00
149.104.33.115,25565,TRUE,LAX,US,North America,Los Angeles,40065,CNSERVERS,828,4.99
154.197.92.226,9443,TRUE,HKG,HK,Asia Pacific,Hong Kong,40065,CNSERVERS,400,4.99
149.104.35.93,9443,TRUE,HKG,HK,Asia Pacific,Hong Kong,40065,CNSERVERS,445,4.99
154.197.92.227,9443,TRUE,HKG,HK,Asia Pacific,Hong Kong,40065,CNSERVERS,437,4.97
154.197.92.51,9443,TRUE,HKG,HK,Asia Pacific,Hong Kong,40065,CNSERVERS,329,4.96
154.197.92.119,9443,TRUE,HKG,HK,Asia Pacific,Hong Kong,40065,CNSERVERS,330,4.95
154.197.92.46,9443,TRUE,HKG,HK,Asia Pacific,Hong Kong,40065,CNSERVERS,674,4.92
23.224.250.109,9443,TRUE,LAX,US,North America,Los Angeles,40065,CNSERVERS,784,4.92
149.104.35.86,9443,TRUE,HKG,HK,Asia Pacific,Hong Kong,40065,CNSERVERS,902,4.90
103.235.18.200,10040,TRUE,HKG,HK,Asia Pacific,Hong Kong,40065,CNSERVERS,391,4.89
149.104.35.101,9443,TRUE,HKG,HK,Asia Pacific,Hong Kong,40065,CNSERVERS,384,4.88
103.225.199.146,58589,TRUE,HKG,HK,Asia Pacific,Hong Kong,40065,CNSERVERS,330,4.85
154.197.92.91,9443,TRUE,HKG,HK,Asia Pacific,Hong Kong,40065,CNSERVERS,433,4.83
149.104.34.83,25565,TRUE,HKG,HK,Asia Pacific,Hong Kong,40065,CNSERVERS,387,4.83
154.197.92.115,9443,TRUE,HKG,HK,Asia Pacific,Hong Kong,40065,CNSERVERS,334,4.83
154.197.92.234,9443,TRUE,HKG,HK,Asia Pacific,Hong Kong,40065,CNSERVERS,853,4.77
154.197.92.236,9443,TRUE,HKG,HK,Asia Pacific,Hong Kong,40065,CNSERVERS,520,4.72
149.104.35.240,9443,TRUE,HKG,HK,Asia Pacific,Hong Kong,40065,CNSERVERS,333,4.70
103.225.199.171,47747,TRUE,HKG,HK,Asia Pacific,Hong Kong,40065,CNSERVERS,309,4.70
149.104.35.107,9443,TRUE,HKG,HK,Asia Pacific,Hong Kong,40065,CNSERVERS,517,4.67
149.104.35.76,9443,TRUE,HKG,HK,Asia Pacific,Hong Kong,40065,CNSERVERS,444,4.67
149.104.35.113,9443,TRUE,HKG,HK,Asia Pacific,Hong Kong,40065,CNSERVERS,434,4.64
154.197.92.246,9443,TRUE,HKG,HK,Asia Pacific,Hong Kong,40065,CNSERVERS,529,4.64
156.251.248.171,12459,TRUE,KUL,MY,Asia Pacific,Kuala Lumpur,40065,CNSERVERS,700,4.63
149.104.35.242,9443,TRUE,HKG,HK,Asia Pacific,Hong Kong,40065,CNSERVERS,352,4.60
154.197.92.239,9443,TRUE,HKG,HK,Asia Pacific,Hong Kong,40065,CNSERVERS,457,4.59
154.197.92.103,9443,TRUE,HKG,HK,Asia Pacific,Hong Kong,40065,CNSERVERS,309,4.58
149.104.33.173,9443,TRUE,LAX,US,North America,Los Angeles,40065,CNSERVERS,769,4.57
149.104.35.50,9443,TRUE,HKG,HK,Asia Pacific,Hong Kong,40065,CNSERVERS,935,4.56
154.197.92.76,9443,TRUE,HKG,HK,Asia Pacific,Hong Kong,40065,CNSERVERS,645,4.55
154.197.92.81,9443,TRUE,HKG,HK,Asia Pacific,Hong Kong,40065,CNSERVERS,382,4.54
149.104.35.100,9443,TRUE,HKG,HK,Asia Pacific,Hong Kong,40065,CNSERVERS,449,4.54
103.20.222.182,35235,TRUE,HKG,HK,Asia Pacific,Hong Kong,40065,CNSERVERS,374,4.53
154.197.92.72,9443,TRUE,HKG,HK,Asia Pacific,Hong Kong,40065,CNSERVERS,401,4.52
149.104.35.78,9443,TRUE,HKG,HK,Asia Pacific,Hong Kong,40065,CNSERVERS,845,4.49
149.104.35.120,9443,TRUE,HKG,HK,Asia Pacific,Hong Kong,40065,CNSERVERS,411,4.49
149.104.32.163,9443,TRUE,LAX,US,North America,Los Angeles,40065,CNSERVERS,919,4.49
149.104.35.125,9443,TRUE,HKG,HK,Asia Pacific,Hong Kong,40065,CNSERVERS,398,4.49
149.104.35.122,9443,TRUE,HKG,HK,Asia Pacific,Hong Kong,40065,CNSERVERS,408,4.49
149.104.35.57,9443,TRUE,HKG,HK,Asia Pacific,Hong Kong,40065,CNSERVERS,486,4.44
149.104.35.239,9443,TRUE,HKG,HK,Asia Pacific,Hong Kong,40065,CNSERVERS,441,4.44
154.197.92.101,9443,TRUE,HKG,HK,Asia Pacific,Hong Kong,40065,CNSERVERS,660,4.41
154.197.92.112,9443,TRUE,HKG,HK,Asia Pacific,Hong Kong,40065,CNSERVERS,292,4.39
149.104.34.84,9443,TRUE,HKG,HK,Asia Pacific,Hong Kong,40065,CNSERVERS,385,4.39
149.104.35.46,9443,TRUE,HKG,HK,Asia Pacific,Hong Kong,40065,CNSERVERS,355,4.37
149.104.35.116,9443,TRUE,HKG,HK,Asia Pacific,Hong Kong,40065,CNSERVERS,471,4.36
154.197.92.237,9443,TRUE,HKG,HK,Asia Pacific,Hong Kong,40065,CNSERVERS,405,4.30
43.229.154.114,25744,TRUE,HKG,HK,Asia Pacific,Hong Kong,40065,CNSERVERS,380,4.29
149.104.35.35,9443,TRUE,HKG,HK,Asia Pacific,Hong Kong,40065,CNSERVERS,324,4.27
149.104.33.120,25565,TRUE,LAX,US,North America,Los Angeles,40065,CNSERVERS,738,4.26
154.197.92.35,9443,TRUE,HKG,HK,Asia Pacific,Hong Kong,40065,CNSERVERS,322,4.26
154.197.92.61,9443,TRUE,HKG,HK,Asia Pacific,Hong Kong,40065,CNSERVERS,338,4.26
149.104.33.126,25565,TRUE,LAX,US,North America,Los Angeles,40065,CNSERVERS,787,4.25
149.104.35.252,9443,TRUE,HKG,HK,Asia Pacific,Hong Kong,40065,CNSERVERS,914,4.24
149.104.35.34,9443,TRUE,HKG,HK,Asia Pacific,Hong Kong,40065,CNSERVERS,329,4.22
154.197.92.92,9443,TRUE,HKG,HK,Asia Pacific,Hong Kong,40065,CNSERVERS,408,4.20
149.104.33.175,9443,TRUE,LAX,US,North America,Los Angeles,40065,CNSERVERS,711,4.19
154.197.92.243,9443,TRUE,HKG,HK,Asia Pacific,Hong Kong,40065,CNSERVERS,529,4.17
149.104.35.111,9443,TRUE,HKG,HK,Asia Pacific,Hong Kong,40065,CNSERVERS,429,4.17
149.104.35.105,9443,TRUE,HKG,HK,Asia Pacific,Hong Kong,40065,CNSERVERS,485,4.17
149.104.35.67,9443,TRUE,HKG,HK,Asia Pacific,Hong Kong,40065,CNSERVERS,862,4.15
149.104.33.140,9443,TRUE,LAX,US,North America,Los Angeles,40065,CNSERVERS,812,4.15
149.104.35.197,9443,TRUE,HKG,HK,Asia Pacific,Hong Kong,40065,CNSERVERS,887,4.14
149.104.33.98,9443,TRUE,LAX,US,North America,Los Angeles,40065,CNSERVERS,786,4.11
149.104.33.108,9443,TRUE,LAX,US,North America,Los Angeles,40065,CNSERVERS,845,4.10
154.197.92.241,9443,TRUE,HKG,HK,Asia Pacific,Hong Kong,40065,CNSERVERS,775,4.07
149.104.35.109,9443,TRUE,HKG,HK,Asia Pacific,Hong Kong,40065,CNSERVERS,523,4.06
154.197.92.42,9443,TRUE,HKG,HK,Asia Pacific,Hong Kong,40065,CNSERVERS,290,4.05
149.104.35.206,9443,TRUE,HKG,HK,Asia Pacific,Hong Kong,40065,CNSERVERS,313,4.04
149.104.33.150,9443,TRUE,LAX,US,North America,Los Angeles,40065,CNSERVERS,908,4.03
149.104.33.112,25565,TRUE,LAX,US,North America,Los Angeles,40065,CNSERVERS,749,4.01
154.197.92.53,9443,TRUE,HKG,HK,Asia Pacific,Hong Kong,40065,CNSERVERS,373,4.00
149.104.33.184,9443,TRUE,LAX,US,North America,Los Angeles,40065,CNSERVERS,922,3.98
149.104.35.6,9443,TRUE,HKG,HK,Asia Pacific,Hong Kong,40065,CNSERVERS,444,3.98
149.104.35.201,9443,TRUE,HKG,HK,Asia Pacific,Hong Kong,40065,CNSERVERS,384,3.98
154.197.92.229,9443,TRUE,HKG,HK,Asia Pacific,Hong Kong,40065,CNSERVERS,397,3.91
149.104.33.88,25565,TRUE,LAX,US,North America,Los Angeles,40065,CNSERVERS,704,3.89
43.250.104.81,30165,TRUE,LAX,US,North America,Los Angeles,40065,CNSERVERS,697,3.89
149.104.33.89,25565,TRUE,LAX,US,North America,Los Angeles,40065,CNSERVERS,773,3.88
149.104.33.174,9443,TRUE,LAX,US,North America,Los Angeles,40065,CNSERVERS,733,3.86
149.104.33.108,25565,TRUE,LAX,US,North America,Los Angeles,40065,CNSERVERS,763,3.83
149.104.35.124,9443,TRUE,HKG,HK,Asia Pacific,Hong Kong,40065,CNSERVERS,426,3.80
149.104.35.74,9443,TRUE,HKG,HK,Asia Pacific,Hong Kong,40065,CNSERVERS,455,3.77
103.103.245.239,15756,TRUE,HKG,HK,Asia Pacific,Hong Kong,40065,CNSERVERS,375,3.76
103.234.53.73,34237,TRUE,HKG,HK,Asia Pacific,Hong Kong,40065,CNSERVERS,295,3.75
103.99.179.88,1001,TRUE,LAX,US,North America,Los Angeles,40065,CNSERVERS,749,3.75
149.104.35.217,9443,TRUE,HKG,HK,Asia Pacific,Hong Kong,40065,CNSERVERS,348,3.73
149.104.32.218,9443,TRUE,LAX,US,North America,Los Angeles,40065,CNSERVERS,842,3.72
149.104.33.117,25565,TRUE,LAX,US,North America,Los Angeles,40065,CNSERVERS,741,3.71
149.104.32.219,9443,TRUE,LAX,US,North America,Los Angeles,40065,CNSERVERS,791,3.70
149.104.35.41,9443,TRUE,HKG,HK,Asia Pacific,Hong Kong,40065,CNSERVERS,394,3.70
149.104.35.43,9443,TRUE,HKG,HK,Asia Pacific,Hong Kong,40065,CNSERVERS,729,3.69
149.104.35.114,9443,TRUE,HKG,HK,Asia Pacific,Hong Kong,40065,CNSERVERS,408,3.68
154.197.92.100,9443,TRUE,HKG,HK,Asia Pacific,Hong Kong,40065,CNSERVERS,786,3.67
149.104.35.249,9443,TRUE,HKG,HK,Asia Pacific,Hong Kong,40065,CNSERVERS,880,3.64
149.104.35.226,9443,TRUE,HKG,HK,Asia Pacific,Hong Kong,40065,CNSERVERS,777,3.64
149.104.33.125,25565,TRUE,LAX,US,North America,Los Angeles,40065,CNSERVERS,807,3.64
172.247.67.174,443,TRUE,LAX,US,North America,Los Angeles,40065,CNSERVERS,732,3.64
149.104.34.30,9443,TRUE,HKG,HK,Asia Pacific,Hong Kong,40065,CNSERVERS,379,3.62
172.247.129.92,7771,TRUE,LAX,US,North America,Los Angeles,40065,CNSERVERS,762,3.59
149.104.35.81,9443,TRUE,HKG,HK,Asia Pacific,Hong Kong,40065,CNSERVERS,838,3.58
149.104.33.89,9443,TRUE,LAX,US,North America,Los Angeles,40065,CNSERVERS,764,3.58
149.104.33.106,25565,TRUE,LAX,US,North America,Los Angeles,40065,CNSERVERS,825,3.54
149.104.33.114,25565,TRUE,LAX,US,North America,Los Angeles,40065,CNSERVERS,756,3.53
149.104.35.251,9443,TRUE,HKG,HK,Asia Pacific,Hong Kong,40065,CNSERVERS,384,3.46
154.197.92.230,9443,TRUE,HKG,HK,Asia Pacific,Hong Kong,40065,CNSERVERS,440,3.42
149.104.33.156,9443,TRUE,LAX,US,North America,Los Angeles,40065,CNSERVERS,790,3.41
149.104.33.123,25565,TRUE,LAX,US,North America,Los Angeles,40065,CNSERVERS,695,3.35
149.104.33.72,9443,TRUE,LAX,US,North America,Los Angeles,40065,CNSERVERS,837,3.33
149.104.33.157,9443,TRUE,LAX,US,North America,Los Angeles,40065,CNSERVERS,777,3.28
185.186.146.99,54833,TRUE,LAX,US,North America,Los Angeles,40065,CNSERVERS,758,3.28
149.104.33.109,25565,TRUE,LAX,US,North America,Los Angeles,40065,CNSERVERS,839,3.27
43.229.154.113,13944,TRUE,HKG,HK,Asia Pacific,Hong Kong,40065,CNSERVERS,297,3.27
149.104.33.91,25565,TRUE,LAX,US,North America,Los Angeles,40065,CNSERVERS,897,3.25
149.104.35.222,9443,TRUE,HKG,HK,Asia Pacific,Hong Kong,40065,CNSERVERS,910,3.24
149.104.33.134,9443,TRUE,LAX,US,North America,Los Angeles,40065,CNSERVERS,694,3.23
149.104.35.73,9443,TRUE,HKG,HK,Asia Pacific,Hong Kong,40065,CNSERVERS,442,3.20
149.104.33.85,25565,TRUE,LAX,US,North America,Los Angeles,40065,CNSERVERS,747,3.17
149.104.33.126,9443,TRUE,LAX,US,North America,Los Angeles,40065,CNSERVERS,816,3.16
103.225.199.116,24396,TRUE,HKG,HK,Asia Pacific,Hong Kong,40065,CNSERVERS,297,3.14
149.104.33.139,9443,TRUE,LAX,US,North America,Los Angeles,40065,CNSERVERS,775,3.14
149.104.33.122,25565,TRUE,LAX,US,North America,Los Angeles,40065,CNSERVERS,808,3.09
149.104.33.85,9443,TRUE,LAX,US,North America,Los Angeles,40065,CNSERVERS,865,3.09
149.104.33.171,9443,TRUE,LAX,US,North America,Los Angeles,40065,CNSERVERS,794,3.07
149.104.33.162,9443,TRUE,LAX,US,North America,Los Angeles,40065,CNSERVERS,906,3.07
149.104.35.80,9443,TRUE,HKG,HK,Asia Pacific,Hong Kong,40065,CNSERVERS,434,3.06
149.104.33.145,9443,TRUE,LAX,US,North America,Los Angeles,40065,CNSERVERS,768,3.05
149.104.33.77,9443,TRUE,LAX,US,North America,Los Angeles,40065,CNSERVERS,986,3.01
149.104.33.76,25565,TRUE,LAX,US,North America,Los Angeles,40065,CNSERVERS,929,3.01
149.104.32.222,25565,TRUE,LAX,US,North America,Los Angeles,40065,CNSERVERS,916,2.98
149.104.33.75,9443,TRUE,LAX,US,North America,Los Angeles,40065,CNSERVERS,750,2.97
154.197.92.233,9443,TRUE,HKG,HK,Asia Pacific,Hong Kong,40065,CNSERVERS,525,2.96
149.104.35.233,9443,TRUE,HKG,HK,Asia Pacific,Hong Kong,40065,CNSERVERS,327,2.96
149.104.32.220,25565,TRUE,LAX,US,North America,Los Angeles,40065,CNSERVERS,796,2.93
149.104.35.2,9443,TRUE,HKG,HK,Asia Pacific,Hong Kong,40065,CNSERVERS,490,2.92
149.104.33.183,9443,TRUE,LAX,US,North America,Los Angeles,40065,CNSERVERS,889,2.92
149.104.33.106,9443,TRUE,LAX,US,North America,Los Angeles,40065,CNSERVERS,885,2.91
103.99.178.45,1443,TRUE,LAX,US,North America,Los Angeles,40065,CNSERVERS,685,2.90
154.197.92.87,9443,TRUE,HKG,HK,Asia Pacific,Hong Kong,40065,CNSERVERS,565,2.90
149.104.35.126,9443,TRUE,HKG,HK,Asia Pacific,Hong Kong,40065,CNSERVERS,401,2.89
149.104.32.77,9443,TRUE,LAX,US,North America,Los Angeles,40065,CNSERVERS,717,2.89
149.104.35.123,9443,TRUE,HKG,HK,Asia Pacific,Hong Kong,40065,CNSERVERS,487,2.89
149.104.33.187,9443,TRUE,LAX,US,North America,Los Angeles,40065,CNSERVERS,725,2.89
149.104.33.88,9443,TRUE,LAX,US,North America,Los Angeles,40065,CNSERVERS,775,2.87
149.104.33.77,25565,TRUE,LAX,US,North America,Los Angeles,40065,CNSERVERS,800,2.84
149.104.33.67,9443,TRUE,LAX,US,North America,Los Angeles,40065,CNSERVERS,800,2.84
149.104.33.159,9443,TRUE,LAX,US,North America,Los Angeles,40065,CNSERVERS,905,2.83
149.104.33.94,9443,TRUE,LAX,US,North America,Los Angeles,40065,CNSERVERS,831,2.83
149.104.33.99,9443,TRUE,LAX,US,North America,Los Angeles,40065,CNSERVERS,848,2.83
149.104.33.168,9443,TRUE,LAX,US,North America,Los Angeles,40065,CNSERVERS,844,2.82
149.104.33.189,9443,TRUE,LAX,US,North America,Los Angeles,40065,CNSERVERS,875,2.80
149.104.33.81,25565,TRUE,LAX,US,North America,Los Angeles,40065,CNSERVERS,888,2.80
149.104.32.220,9443,TRUE,LAX,US,North America,Los Angeles,40065,CNSERVERS,902,2.79
149.104.33.146,9443,TRUE,LAX,US,North America,Los Angeles,40065,CNSERVERS,704,2.77
149.104.33.83,25565,TRUE,LAX,US,North America,Los Angeles,40065,CNSERVERS,847,2.77
149.104.33.116,25565,TRUE,LAX,US,North America,Los Angeles,40065,CNSERVERS,735,2.76
149.104.33.135,9443,TRUE,LAX,US,North America,Los Angeles,40065,CNSERVERS,836,2.75
45.12.88.150,1443,TRUE,LAX,US,North America,Los Angeles,40065,CNSERVERS,709,2.74
154.197.92.114,9443,TRUE,HKG,HK,Asia Pacific,Hong Kong,40065,CNSERVERS,678,2.74
149.104.33.178,9443,TRUE,LAX,US,North America,Los Angeles,40065,CNSERVERS,942,2.73
149.104.33.118,25565,TRUE,LAX,US,North America,Los Angeles,40065,CNSERVERS,904,2.73
149.104.33.121,9443,TRUE,LAX,US,North America,Los Angeles,40065,CNSERVERS,879,2.68
149.104.35.119,9443,TRUE,HKG,HK,Asia Pacific,Hong Kong,40065,CNSERVERS,436,2.68
149.104.33.137,9443,TRUE,LAX,US,North America,Los Angeles,40065,CNSERVERS,865,2.67
149.104.32.14,9443,TRUE,LAX,US,North America,Los Angeles,40065,CNSERVERS,777,2.64
202.91.35.39,8443,TRUE,LAX,US,North America,Los Angeles,40065,CNSERVERS,975,2.62
193.9.46.16,5443,TRUE,LAX,US,North America,Los Angeles,40065,CNSERVERS,964,2.60
212.103.62.170,22896,TRUE,LAX,US,North America,Los Angeles,40065,CNSERVERS,735,2.57
154.197.92.45,9443,TRUE,HKG,HK,Asia Pacific,Hong Kong,40065,CNSERVERS,401,2.56
149.104.33.107,25565,TRUE,LAX,US,North America,Los Angeles,40065,CNSERVERS,772,2.55
154.197.92.248,9443,TRUE,HKG,HK,Asia Pacific,Hong Kong,40065,CNSERVERS,562,2.51
149.104.33.143,9443,TRUE,LAX,US,North America,Los Angeles,40065,CNSERVERS,743,2.41
149.104.32.219,25565,TRUE,LAX,US,North America,Los Angeles,40065,CNSERVERS,739,2.40
91.217.139.121,8443,TRUE,LAX,US,North America,Los Angeles,40065,CNSERVERS,921,2.37
154.197.92.110,9443,TRUE,HKG,HK,Asia Pacific,Hong Kong,40065,CNSERVERS,764,2.33
154.197.92.120,9443,TRUE,HKG,HK,Asia Pacific,Hong Kong,40065,CNSERVERS,376,2.30
185.238.250.167,40444,TRUE,LAX,US,North America,Los Angeles,40065,CNSERVERS,936,2.27
149.104.32.78,9443,TRUE,LAX,US,North America,Los Angeles,40065,CNSERVERS,775,2.27
149.104.33.69,25565,TRUE,LAX,US,North America,Los Angeles,40065,CNSERVERS,919,2.26
149.104.33.98,25565,TRUE,LAX,US,North America,Los Angeles,40065,CNSERVERS,745,2.24
149.104.33.90,9443,TRUE,LAX,US,North America,Los Angeles,40065,CNSERVERS,1000,2.21
149.104.35.238,9443,TRUE,HKG,HK,Asia Pacific,Hong Kong,40065,CNSERVERS,487,2.19
149.104.33.75,25565,TRUE,LAX,US,North America,Los Angeles,40065,CNSERVERS,741,2.19
103.99.115.202,34237,TRUE,LAX,US,North America,Los Angeles,40065,CNSERVERS,711,2.16
149.104.34.82,9443,TRUE,HKG,HK,Asia Pacific,Hong Kong,40065,CNSERVERS,402,2.10
149.104.33.92,9443,TRUE,LAX,US,North America,Los Angeles,40065,CNSERVERS,818,2.09
185.186.146.244,8080,TRUE,LAX,US,North America,Los Angeles,40065,CNSERVERS,821,2.08
149.104.33.147,9443,TRUE,LAX,US,North America,Los Angeles,40065,CNSERVERS,682,2.07
149.104.33.165,9443,TRUE,LAX,US,North America,Los Angeles,40065,CNSERVERS,909,2.05
154.197.92.85,9443,TRUE,HKG,HK,Asia Pacific,Hong Kong,40065,CNSERVERS,387,2.00
154.197.92.124,9443,TRUE,HKG,HK,Asia Pacific,Hong Kong,40065,CNSERVERS,446,1.96
193.9.46.212,34237,TRUE,LAX,US,North America,Los Angeles,40065,CNSERVERS,777,1.95
149.104.32.13,9443,TRUE,LAX,US,North America,Los Angeles,40065,CNSERVERS,912,1.91
156.251.248.171,47975,TRUE,BKK,TH,Asia Pacific,Bangkok,40065,CNSERVERS,521,1.88
149.104.35.205,9443,TRUE,HKG,HK,Asia Pacific,Hong Kong,40065,CNSERVERS,348,1.83
149.104.32.222,9443,TRUE,LAX,US,North America,Los Angeles,40065,CNSERVERS,910,1.81
149.104.35.108,9443,TRUE,HKG,HK,Asia Pacific,Hong Kong,40065,CNSERVERS,412,1.80
149.104.33.100,25565,TRUE,LAX,US,North America,Los Angeles,40065,CNSERVERS,826,1.79
149.104.33.131,9443,TRUE,LAX,US,North America,Los Angeles,40065,CNSERVERS,792,1.76
149.104.32.221,25565,TRUE,LAX,US,North America,Los Angeles,40065,CNSERVERS,708,1.75
149.104.33.180,9443,TRUE,LAX,US,North America,Los Angeles,40065,CNSERVERS,816,1.73
149.104.33.190,9443,TRUE,LAX,US,North America,Los Angeles,40065,CNSERVERS,817,1.67
154.197.92.89,9443,TRUE,HKG,HK,Asia Pacific,Hong Kong,40065,CNSERVERS,407,1.65
149.104.33.152,9443,TRUE,LAX,US,North America,Los Angeles,40065,CNSERVERS,859,1.65
149.104.33.138,9443,TRUE,LAX,US,North America,Los Angeles,40065,CNSERVERS,839,1.61
149.104.33.161,9443,TRUE,LAX,US,North America,Los Angeles,40065,CNSERVERS,824,1.60
149.104.33.176,9443,TRUE,LAX,US,North America,Los Angeles,40065,CNSERVERS,890,1.57
149.104.35.79,9443,TRUE,HKG,HK,Asia Pacific,Hong Kong,40065,CNSERVERS,584,1.52
43.229.154.103,35588,TRUE,HKG,HK,Asia Pacific,Hong Kong,40065,CNSERVERS,332,1.50
149.104.33.149,9443,TRUE,LAX,US,North America,Los Angeles,40065,CNSERVERS,684,1.42
149.104.33.153,9443,TRUE,LAX,US,North America,Los Angeles,40065,CNSERVERS,848,1.38
91.217.139.227,8443,TRUE,LAX,US,North America,Los Angeles,40065,CNSERVERS,726,1.38
149.104.33.113,25565,TRUE,LAX,US,North America,Los Angeles,40065,CNSERVERS,798,1.37
149.104.33.154,9443,TRUE,LAX,US,North America,Los Angeles,40065,CNSERVERS,807,1.36
23.225.39.5,21227,TRUE,PDX,US,North America,Portland,40065,CNSERVERS,769,1.35
149.104.33.116,9443,TRUE,LAX,US,North America,Los Angeles,40065,CNSERVERS,854,1.34
23.225.39.3,21227,TRUE,PDX,US,North America,Portland,40065,CNSERVERS,760,1.34
149.104.33.136,9443,TRUE,LAX,US,North America,Los Angeles,40065,CNSERVERS,744,1.34
23.225.39.4,21227,TRUE,PDX,US,North America,Portland,40065,CNSERVERS,728,1.33
23.225.39.6,21227,TRUE,PDX,US,North America,Portland,40065,CNSERVERS,762,1.33
149.104.35.104,9443,TRUE,HKG,HK,Asia Pacific,Hong Kong,40065,CNSERVERS,411,1.32
149.104.35.72,9443,TRUE,HKG,HK,Asia Pacific,Hong Kong,40065,CNSERVERS,465,1.31
149.104.33.105,25565,TRUE,LAX,US,North America,Los Angeles,40065,CNSERVERS,685,1.22
172.247.244.182,54545,TRUE,LAX,US,North America,Los Angeles,40065,CNSERVERS,701,1.21
149.104.35.202,9443,TRUE,HKG,HK,Asia Pacific,Hong Kong,40065,CNSERVERS,315,1.20
149.104.32.11,9443,TRUE,LAX,US,North America,Los Angeles,40065,CNSERVERS,954,1.18
149.104.32.162,9443,TRUE,LAX,US,North America,Los Angeles,40065,CNSERVERS,906,1.17
149.104.32.166,9443,TRUE,LAX,US,North America,Los Angeles,40065,CNSERVERS,899,1.11
172.247.123.56,34237,TRUE,LAX,US,North America,Los Angeles,40065,CNSERVERS,728,1.07
149.104.33.95,25565,TRUE,LAX,US,North America,Los Angeles,40065,CNSERVERS,895,1.05
172.247.123.120,34237,TRUE,LAX,US,North America,Los Angeles,40065,CNSERVERS,697,0.98
149.104.33.163,9443,TRUE,LAX,US,North America,Los Angeles,40065,CNSERVERS,735,0.95
2.59.151.128,33557,TRUE,LAX,US,North America,Los Angeles,40065,CNSERVERS,1000,0.95
149.104.33.124,25565,TRUE,LAX,US,North America,Los Angeles,40065,CNSERVERS,673,0.94
23.224.250.110,9443,TRUE,LAX,US,North America,Los Angeles,40065,CNSERVERS,812,0.94
172.247.123.29,34237,TRUE,LAX,US,North America,Los Angeles,40065,CNSERVERS,687,0.89
149.104.33.80,25565,TRUE,LAX,US,North America,Los Angeles,40065,CNSERVERS,969,0.85
172.247.15.164,34237,TRUE,LAX,US,North America,Los Angeles,40065,CNSERVERS,705,0.84
149.104.35.53,9443,TRUE,HKG,HK,Asia Pacific,Hong Kong,40065,CNSERVERS,434,0.83
149.104.33.102,25565,TRUE,LAX,US,North America,Los Angeles,40065,CNSERVERS,908,0.83
149.104.33.164,9443,TRUE,LAX,US,North America,Los Angeles,40065,CNSERVERS,844,0.81
172.247.123.93,34237,TRUE,LAX,US,North America,Los Angeles,40065,CNSERVERS,651,0.78
149.104.32.164,9443,TRUE,LAX,US,North America,Los Angeles,40065,CNSERVERS,953,0.73
172.247.123.75,34237,TRUE,LAX,US,North America,Los Angeles,40065,CNSERVERS,647,0.70
149.104.33.166,9443,TRUE,LAX,US,North America,Los Angeles,40065,CNSERVERS,711,0.67
149.104.33.132,9443,TRUE,LAX,US,North America,Los Angeles,40065,CNSERVERS,816,0.67
2.59.151.192,10815,TRUE,LAX,US,North America,Los Angeles,40065,CNSERVERS,928,0.66
149.104.33.133,9443,TRUE,LAX,US,North America,Los Angeles,40065,CNSERVERS,847,0.64
172.247.123.101,34237,TRUE,LAX,US,North America,Los Angeles,40065,CNSERVERS,673,0.60
156.251.248.171,19267,TRUE,HKG,HK,Asia Pacific,Hong Kong,40065,CNSERVERS,838,0.59
149.104.33.97,25565,TRUE,LAX,US,North America,Los Angeles,40065,CNSERVERS,895,0.57
172.247.67.172,443,TRUE,LAX,US,North America,Los Angeles,40065,CNSERVERS,877,0.57
149.104.32.74,9443,TRUE,LAX,US,North America,Los Angeles,40065,CNSERVERS,858,0.56
2.59.151.192,29924,TRUE,LAX,US,North America,Los Angeles,40065,CNSERVERS,971,0.55
45.12.88.148,19479,TRUE,LAX,US,North America,Los Angeles,40065,CNSERVERS,859,0.54
149.104.33.185,9443,TRUE,LAX,US,North America,Los Angeles,40065,CNSERVERS,972,0.53
149.104.32.76,9443,TRUE,LAX,US,North America,Los Angeles,40065,CNSERVERS,905,0.49
156.251.248.171,54205,TRUE,SIN,SG,Asia Pacific,Singapore,40065,CNSERVERS,971,0.49
149.104.32.165,9443,TRUE,LAX,US,North America,Los Angeles,40065,CNSERVERS,911,0.48
172.247.123.112,34237,TRUE,LAX,US,North America,Los Angeles,40065,CNSERVERS,821,0.45
172.247.123.6,34237,TRUE,LAX,US,North America,Los Angeles,40065,CNSERVERS,673,0.44
149.104.33.73,25565,TRUE,LAX,US,North America,Los Angeles,40065,CNSERVERS,815,0.42
149.104.33.141,9443,TRUE,LAX,US,North America,Los Angeles,40065,CNSERVERS,797,0.40
149.104.33.186,9443,TRUE,LAX,US,North America,Los Angeles,40065,CNSERVERS,909,0.40
23.224.250.107,9443,TRUE,LAX,US,North America,Los Angeles,40065,CNSERVERS,859,0.40
149.104.35.54,9443,TRUE,HKG,HK,Asia Pacific,Hong Kong,40065,CNSERVERS,381,0.40
149.104.33.93,9443,TRUE,LAX,US,North America,Los Angeles,40065,CNSERVERS,779,0.38
149.104.33.181,9443,TRUE,LAX,US,North America,Los Angeles,40065,CNSERVERS,733,0.37
149.104.33.82,9443,TRUE,LAX,US,North America,Los Angeles,40065,CNSERVERS,907,0.35
149.104.33.68,25565,TRUE,LAX,US,North America,Los Angeles,40065,CNSERVERS,868,0.33
149.104.33.93,25565,TRUE,LAX,US,North America,Los Angeles,40065,CNSERVERS,852,0.32
149.104.33.188,9443,TRUE,LAX,US,North America,Los Angeles,40065,CNSERVERS,739,0.31
149.104.33.182,9443,TRUE,LAX,US,North America,Los Angeles,40065,CNSERVERS,905,0.29
154.88.31.91,30000,TRUE,HKG,HK,Asia Pacific,Hong Kong,40065,CNSERVERS,243,0.29
149.104.33.84,9443,TRUE,LAX,US,North America,Los Angeles,40065,CNSERVERS,713,0.28
149.104.33.123,9443,TRUE,LAX,US,North America,Los Angeles,40065,CNSERVERS,888,0.27
149.104.33.82,25565,TRUE,LAX,US,North America,Los Angeles,40065,CNSERVERS,781,0.27
149.104.33.119,25565,TRUE,LAX,US,North America,Los Angeles,40065,CNSERVERS,714,0.26
149.104.33.86,25565,TRUE,LAX,US,North America,Los Angeles,40065,CNSERVERS,962,0.26
149.104.33.74,25565,TRUE,LAX,US,North America,Los Angeles,40065,CNSERVERS,756,0.25
149.104.33.69,9443,TRUE,LAX,US,North America,Los Angeles,40065,CNSERVERS,903,0.25
149.104.33.79,25565,TRUE,LAX,US,North America,Los Angeles,40065,CNSERVERS,912,0.25
149.104.33.151,9443,TRUE,LAX,US,North America,Los Angeles,40065,CNSERVERS,936,0.24
149.104.33.121,25565,TRUE,LAX,US,North America,Los Angeles,40065,CNSERVERS,906,0.22
149.104.33.110,9443,TRUE,LAX,US,North America,Los Angeles,40065,CNSERVERS,771,0.22
149.104.33.71,25565,TRUE,LAX,US,North America,Los Angeles,40065,CNSERVERS,908,0.20
149.104.33.90,25565,TRUE,LAX,US,North America,Los Angeles,40065,CNSERVERS,895,0.19
149.104.32.221,9443,TRUE,LAX,US,North America,Los Angeles,40065,CNSERVERS,738,0.18
193.9.46.170,16218,TRUE,LAX,US,North America,Los Angeles,40065,CNSERVERS,974,0.18
23.224.250.106,9443,TRUE,LAX,US,North America,Los Angeles,40065,CNSERVERS,843,0.13
172.247.123.92,34237,TRUE,LAX,US,North America,Los Angeles,40065,CNSERVERS,674,0.11
149.104.33.84,25565,TRUE,LAX,US,North America,Los Angeles,40065,CNSERVERS,827,0.10
103.94.185.66,17581,TRUE,LAX,US,North America,Los Angeles,40065,CNSERVERS,733,0.09
38.6.182.243,34237,TRUE,LAX,US,North America,Los Angeles,40065,CNSERVERS,973,0.09
172.247.123.69,34237,TRUE,LAX,US,North America,Los Angeles,40065,CNSERVERS,692,0.08
149.104.33.103,25565,TRUE,LAX,US,North America,Los Angeles,40065,CNSERVERS,864,0.07
149.104.33.104,25565,TRUE,LAX,US,North America,Los Angeles,40065,CNSERVERS,918,0.04
149.104.33.67,25565,TRUE,LAX,US,North America,Los Angeles,40065,CNSERVERS,901,0.04
